KEY, visitLink, daysToEvent
06200510000001,000000000001,000000011405
06200510000002,000000000002,000000015952
06200510000003,000000000003,000000012189
06200510000004,000000000004,000000014012
06200510000005,000000000005,000000015445
06200510000006,000000000006,000000016060
06200510000007,000000000007,000000012772
06200510000008,000000000008,000000015340
06200510000009,000000000009,000000011974
06200510000010,000000000010,000000012038
06200510000011,000000000011,000000014623
06200510000012,000000000012,000000011469
06200510000013,000000000013,000000012457
06200510000014,000000000014,000000015890
06200510000015,000000000015,000000012550
06200510000016,000000000016,000000011184
06200510000017,000000000017,000000013790
06200510000018,000000000018,000000015821
06200510000019,000000000019,000000010598
06200510000020,000000000020,000000013663
06200510000021,000000000021,000000011401
06200510000022,000000000022,000000011578
06200510000023,000000000023,000000015118
06200510000024,000000000024,000000013431
06200510000025,000000000025,000000012837
06200510000026,000000000026,000000010702
06200510000027,000000000027,000000015264
06200510000028,000000000028,000000011816
06200510000029,000000000029,000000012482
06200510000030,000000000030,000000011810
06200510000031,000000000031,000000015654
06200510000032,000000000032,000000015518
06200510000033,000000000033,000000015870
06200510000034,000000000034,000000011708
06200510000035,000000000035,000000013516
06200510000036,000000000036,000000013385
06200510000037,000000000037,000000012552
06200510000038,000000000038,000000015263
06200510000039,000000000039,000000016424
06200510000040,000000000040,000000013583
06200510000041,000000000041,000000014855
06200510000043,000000000042,000000014762
06200510000044,000000000043,000000010541
06200510000045,000000000044,000000015757
06200510000046,000000000045,000000013600
06200510000048,000000000046,000000014794
06200510000049,000000000047,000000011017
06200510000050,000000000048,000000015348
06200510000051,000000000049,000000011340
06200510000052,000000000050,000000015868
06200510000053,000000000051,000000015329
06200510000054,000000000052,000000011099
06200510000055,000000000053,000000012646
06200510000056,000000000054,000000015917
06200510000057,000000000055,000000012095
06200510000058,000000000056,000000015486
06200510000059,000000000057,000000011844
06200510000060,000000000058,000000013610
06200510000061,000000000059,000000012998
06200510000062,000000000060,000000013268
06200510000063,000000000061,000000013076
06200510000064,000000000062,000000014994
06200510000065,000000000063,000000012655
06200510000066,000000000064,000000013742
06200510000067,000000000065,000000015175
06200510000068,000000000066,000000014623
06200510000069,000000000067,000000010540
06200510000070,000000000068,000000014761
06200510000071,000000000069,000000014572
06200510000072,000000000070,000000014844
06200510000073,000000000071,000000012348
06200510000074,000000000072,000000014269
06200510000075,000000000073,000000015886
06200510000076,000000000074,000000012945
06200510000077,000000000075,000000011750
06200510000078,000000000076,000000015801
06200510000079,000000000077,000000010419
06200510000080,000000000078,000000014581
06200510000081,000000000079,000000011395
06200510000082,000000000080,000000011599
06200510000083,000000000081,000000012947
06200510000084,000000000082,000000015777
06200510000085,000000000083,000000010970
06200510000086,000000000084,000000011196
06200510000087,000000000085,000000012188
06200510000088,000000000086,000000013001
06200510000089,000000000087,000000014273
06200510000090,000000000088,000000016331
06200510000091,000000000089,000000015668
06200510000092,000000000090,000000011875
06200510000093,000000000091,000000015858
06200510000094,000000000092,000000011203
06200510000095,000000000093,000000012123
06200510000096,000000000094,000000010645
06200510000097,000000000095,000000012608
06200510000098,000000000096,000000010793
06200510000099,000000000097,000000010525
06200510000100,000000000098,000000015812
06200510000101,000000000099,000000010922
